theme,sub_theme,topic,geography_type,geography,metric,sex,age,stratum,year,date,metric_value
infectious_disease,respiratory,COVID-19,Nation,England,COVID-19_cases_countRollingMean,all,all,default,2024,2024-05-22,260.0000
infectious_disease,respiratory,COVID-19,Nation,England,COVID-19_cases_countRollingMean,all,all,default,2024,2024-05-21,271.0000
infectious_disease,respiratory,COVID-19,Nation,England,COVID-19_cases_countRollingMean,all,all,default,2024,2024-05-20,280.4300
infectious_disease,respiratory,COVID-19,Nation,England,COVID-19_cases_countRollingMean,all,all,default,2024,2024-05-19,282.0000
infectious_disease,respiratory,COVID-19,Nation,England,COVID-19_cases_countRollingMean,all,all,default,2024,2024-05-18,284.4300
infectious_disease,respiratory,COVID-19,Nation,England,COVID-19_cases_countRollingMean,all,all,default,2024,2024-05-17,292.7100
infectious_disease,respiratory,COVID-19,Nation,England,COVID-19_cases_countRollingMean,all,all,default,2024,2024-05-16,302.4300
infectious_disease,respiratory,COVID-19,Nation,England,COVID-19_cases_countRollingMean,all,all,default,2024,2024-05-15,314.7100
infectious_disease,respiratory,COVID-19,Nation,England,COVID-19_cases_countRollingMean,all,all,default,2024,2024-05-14,321.7100
infectious_disease,respiratory,COVID-19,Nation,England,COVID-19_cases_countRollingMean,all,all,default,2024,2024-05-13,332.4300
infectious_disease,respiratory,COVID-19,Nation,England,COVID-19_cases_countRollingMean,all,all,default,2024,2024-05-12,334.8600
infectious_disease,respiratory,COVID-19,Nation,England,COVID-19_cases_countRollingMean,all,all,default,2024,2024-05-11,341.4300
infectious_disease,respiratory,COVID-19,Nation,England,COVID-19_cases_countRollingMean,all,all,default,2024,2024-05-10,344.4300
infectious_disease,respiratory,COVID-19,Nation,England,COVID-19_cases_countRollingMean,all,all,default,2024,2024-05-09,350.5700
infectious_disease,respiratory,COVID-19,Nation,England,COVID-19_cases_countRollingMean,all,all,default,2024,2024-05-08,341.5700
infectious_disease,respiratory,COVID-19,Nation,England,COVID-19_cases_countRollingMean,all,all,default,2024,2024-05-07,343.5700
infectious_disease,respiratory,COVID-19,Nation,England,COVID-19_cases_countRollingMean,all,all,default,2024,2024-05-06,339.5700
infectious_disease,respiratory,COVID-19,Nation,England,COVID-19_cases_countRollingMean,all,all,default,2024,2024-05-05,339.2900
infectious_disease,respiratory,COVID-19,Nation,England,COVID-19_cases_countRollingMean,all,all,default,2024,2024-05-04,326.0000
infectious_disease,respiratory,COVID-19,Nation,England,COVID-19_cases_countRollingMean,all,all,default,2024,2024-05-03,314.2900
infectious_disease,respiratory,COVID-19,Nation,England,COVID-19_cases_countRollingMean,all,all,default,2024,2024-05-02,296.5700
infectious_disease,respiratory,COVID-19,Nation,England,COVID-19_cases_countRollingMean,all,all,default,2024,2024-05-01,286.7100
infectious_disease,respiratory,COVID-19,Nation,England,COVID-19_cases_countRollingMean,all,all,default,2024,2024-04-30,272.7100
infectious_disease,respiratory,COVID-19,Nation,England,COVID-19_cases_countRollingMean,all,all,default,2024,2024-04-29,257.1400
infectious_disease,respiratory,COVID-19,Nation,England,COVID-19_cases_countRollingMean,all,all,default,2024,2024-04-28,247.0000
infectious_disease,respiratory,COVID-19,Nation,England,COVID-19_cases_countRollingMean,all,all,default,2024,2024-04-27,246.4300
infectious_disease,respiratory,COVID-19,Nation,England,COVID-19_cases_countRollingMean,all,all,default,2024,2024-04-26,239.7100
infectious_disease,respiratory,COVID-19,Nation,England,COVID-19_cases_countRollingMean,all,all,default,2024,2024-04-25,230.0000
infectious_disease,respiratory,COVID-19,Nation,England,COVID-19_cases_countRollingMean,all,all,default,2024,2024-04-24,223.0000
infectious_disease,respiratory,COVID-19,Nation,England,COVID-19_cases_countRollingMean,all,all,default,2024,2024-04-23,213.1400
infectious_disease,respiratory,COVID-19,Nation,England,COVID-19_cases_countRollingMean,all,all,default,2024,2024-04-22,202.8600
infectious_disease,respiratory,COVID-19,Nation,England,COVID-19_cases_countRollingMean,all,all,default,2024,2024-04-21,196.2900
infectious_disease,respiratory,COVID-19,Nation,England,COVID-19_cases_countRollingMean,all,all,default,2024,2024-04-20,191.8600
infectious_disease,respiratory,COVID-19,Nation,England,COVID-19_cases_countRollingMean,all,all,default,2024,2024-04-19,191.0000
infectious_disease,respiratory,COVID-19,Nation,England,COVID-19_cases_countRollingMean,all,all,default,2024,2024-04-18,192.0000
infectious_disease,respiratory,COVID-19,Nation,England,COVID-19_cases_countRollingMean,all,all,default,2024,2024-04-17,185.4300
infectious_disease,respiratory,COVID-19,Nation,England,COVID-19_cases_countRollingMean,all,all,default,2024,2024-04-16,176.5700
infectious_disease,respiratory,COVID-19,Nation,England,COVID-19_cases_countRollingMean,all,all,default,2024,2024-04-15,175.5700
infectious_disease,respiratory,COVID-19,Nation,England,COVID-19_cases_countRollingMean,all,all,default,2024,2024-04-14,175.4300
infectious_disease,respiratory,COVID-19,Nation,England,COVID-19_cases_countRollingMean,all,all,default,2024,2024-04-13,177.4300
infectious_disease,respiratory,COVID-19,Nation,England,COVID-19_cases_countRollingMean,all,all,default,2024,2024-04-12,178.1400
infectious_disease,respiratory,COVID-19,Nation,England,COVID-19_cases_countRollingMean,all,all,default,2024,2024-04-11,175.1400
infectious_disease,respiratory,COVID-19,Nation,England,COVID-19_cases_countRollingMean,all,all,default,2024,2024-04-10,176.8600
infectious_disease,respiratory,COVID-19,Nation,England,COVID-19_cases_countRollingMean,all,all,default,2024,2024-04-09,183.0000
infectious_disease,respiratory,COVID-19,Nation,England,COVID-19_cases_countRollingMean,all,all,default,2024,2024-04-08,192.2900
infectious_disease,respiratory,COVID-19,Nation,England,COVID-19_cases_countRollingMean,all,all,default,2024,2024-04-07,186.8600
infectious_disease,respiratory,COVID-19,Nation,England,COVID-19_cases_countRollingMean,all,all,default,2024,2024-04-06,185.7100
infectious_disease,respiratory,COVID-19,Nation,England,COVID-19_cases_countRollingMean,all,all,default,2024,2024-04-05,183.7100
infectious_disease,respiratory,COVID-19,Nation,England,COVID-19_cases_countRollingMean,all,all,default,2024,2024-04-04,179.4300
infectious_disease,respiratory,COVID-19,Nation,England,COVID-19_cases_countRollingMean,all,all,default,2024,2024-04-03,179.5700
infectious_disease,respiratory,COVID-19,Nation,England,COVID-19_cases_countRollingMean,all,all,default,2024,2024-04-02,177.1400
infectious_disease,respiratory,COVID-19,Nation,England,COVID-19_cases_countRollingMean,all,all,default,2024,2024-04-01,167.2900
infectious_disease,respiratory,COVID-19,Nation,England,COVID-19_cases_countRollingMean,all,all,default,2024,2024-03-31,169.4300
infectious_disease,respiratory,COVID-19,Nation,England,COVID-19_cases_countRollingMean,all,all,default,2024,2024-03-30,169.5700
infectious_disease,respiratory,COVID-19,Nation,England,COVID-19_cases_countRollingMean,all,all,default,2024,2024-03-29,169.1400
infectious_disease,respiratory,COVID-19,Nation,England,COVID-19_cases_countRollingMean,all,all,default,2024,2024-03-28,173.7100
infectious_disease,respiratory,COVID-19,Nation,England,COVID-19_cases_countRollingMean,all,all,default,2024,2024-03-27,169.8600
infectious_disease,respiratory,COVID-19,Nation,England,COVID-19_cases_countRollingMean,all,all,default,2024,2024-03-26,167.0000
infectious_disease,respiratory,COVID-19,Nation,England,COVID-19_cases_countRollingMean,all,all,default,2024,2024-03-25,173.5700
infectious_disease,respiratory,COVID-19,Nation,England,COVID-19_cases_countRollingMean,all,all,default,2024,2024-03-24,178.2900
infectious_disease,respiratory,COVID-19,Nation,England,COVID-19_cases_countRollingMean,all,all,default,2024,2024-03-23,176.8600
infectious_disease,respiratory,COVID-19,Nation,England,COVID-19_cases_countRollingMean,all,all,default,2024,2024-03-22,177.4300
infectious_disease,respiratory,COVID-19,Nation,England,COVID-19_cases_countRollingMean,all,all,default,2024,2024-03-21,181.5700
infectious_disease,respiratory,COVID-19,Nation,England,COVID-19_cases_countRollingMean,all,all,default,2024,2024-03-20,189.8600
infectious_disease,respiratory,COVID-19,Nation,England,COVID-19_cases_countRollingMean,all,all,default,2024,2024-03-19,204.2900
infectious_disease,respiratory,COVID-19,Nation,England,COVID-19_cases_countRollingMean,all,all,default,2024,2024-03-18,203.4300
infectious_disease,respiratory,COVID-19,Nation,England,COVID-19_cases_countRollingMean,all,all,default,2024,2024-03-17,205.0000
infectious_disease,respiratory,COVID-19,Nation,England,COVID-19_cases_countRollingMean,all,all,default,2024,2024-03-16,208.8600
infectious_disease,respiratory,COVID-19,Nation,England,COVID-19_cases_countRollingMean,all,all,default,2024,2024-03-15,209.7100
infectious_disease,respiratory,COVID-19,Nation,England,COVID-19_cases_countRollingMean,all,all,default,2024,2024-03-14,202.1400
infectious_disease,respiratory,COVID-19,Nation,England,COVID-19_cases_countRollingMean,all,all,default,2024,2024-03-13,201.4300
infectious_disease,respiratory,COVID-19,Nation,England,COVID-19_cases_countRollingMean,all,all,default,2024,2024-03-12,191.0000
infectious_disease,respiratory,COVID-19,Nation,England,COVID-19_cases_countRollingMean,all,all,default,2024,2024-03-11,190.1400
infectious_disease,respiratory,COVID-19,Nation,England,COVID-19_cases_countRollingMean,all,all,default,2024,2024-03-10,188.0000
infectious_disease,respiratory,COVID-19,Nation,England,COVID-19_cases_countRollingMean,all,all,default,2024,2024-03-09,184.2900
infectious_disease,respiratory,COVID-19,Nation,England,COVID-19_cases_countRollingMean,all,all,default,2024,2024-03-08,185.8600
infectious_disease,respiratory,COVID-19,Nation,England,COVID-19_cases_countRollingMean,all,all,default,2024,2024-03-07,189.5700
infectious_disease,respiratory,COVID-19,Nation,England,COVID-19_cases_countRollingMean,all,all,default,2024,2024-03-06,185.2900
infectious_disease,respiratory,COVID-19,Nation,England,COVID-19_cases_countRollingMean,all,all,default,2024,2024-03-05,179.5700
infectious_disease,respiratory,COVID-19,Nation,England,COVID-19_cases_countRollingMean,all,all,default,2024,2024-03-04,178.4300
infectious_disease,respiratory,COVID-19,Nation,England,COVID-19_cases_countRollingMean,all,all,default,2024,2024-03-03,173.0000
infectious_disease,respiratory,COVID-19,Nation,England,COVID-19_cases_countRollingMean,all,all,default,2024,2024-03-02,173.4300
infectious_disease,respiratory,COVID-19,Nation,England,COVID-19_cases_countRollingMean,all,all,default,2024,2024-03-01,178.5700
infectious_disease,respiratory,COVID-19,Nation,England,COVID-19_cases_countRollingMean,all,all,default,2024,2024-02-29,181.8600
infectious_disease,respiratory,COVID-19,Nation,England,COVID-19_cases_countRollingMean,all,all,default,2024,2024-02-28,189.4300
infectious_disease,respiratory,COVID-19,Nation,England,COVID-19_cases_countRollingMean,all,all,default,2024,2024-02-27,207.1400
infectious_disease,respiratory,COVID-19,Nation,England,COVID-19_cases_countRollingMean,all,all,default,2024,2024-02-26,214.2900
infectious_disease,respiratory,COVID-19,Nation,England,COVID-19_cases_countRollingMean,all,all,default,2024,2024-02-25,224.8600
infectious_disease,respiratory,COVID-19,Nation,England,COVID-19_cases_countRollingMean,all,all,default,2024,2024-02-24,234.8600
infectious_disease,respiratory,COVID-19,Nation,England,COVID-19_cases_countRollingMean,all,all,default,2024,2024-02-23,243.2900
infectious_disease,respiratory,COVID-19,Nation,England,COVID-19_cases_countRollingMean,all,all,default,2024,2024-02-22,263.8600
infectious_disease,respiratory,COVID-19,Nation,England,COVID-19_cases_countRollingMean,all,all,default,2024,2024-02-21,274.2900
infectious_disease,respiratory,COVID-19,Nation,England,COVID-19_cases_countRollingMean,all,all,default,2024,2024-02-20,290.4300
infectious_disease,respiratory,COVID-19,Nation,England,COVID-19_cases_countRollingMean,all,all,default,2024,2024-02-19,312.8600
infectious_disease,respiratory,COVID-19,Nation,England,COVID-19_cases_countRollingMean,all,all,default,2024,2024-02-18,338.0000
infectious_disease,respiratory,COVID-19,Nation,England,COVID-19_cases_countRollingMean,all,all,default,2024,2024-02-17,360.5700
infectious_disease,respiratory,COVID-19,Nation,England,COVID-19_cases_countRollingMean,all,all,default,2024,2024-02-16,377.1400
infectious_disease,respiratory,COVID-19,Nation,England,COVID-19_cases_countRollingMean,all,all,default,2024,2024-02-15,388.8600
infectious_disease,respiratory,COVID-19,Nation,England,COVID-19_cases_countRollingMean,all,all,default,2024,2024-02-14,411.7100
infectious_disease,respiratory,COVID-19,Nation,England,COVID-19_cases_countRollingMean,all,all,default,2024,2024-02-13,433.4300
infectious_disease,respiratory,COVID-19,Nation,England,COVID-19_cases_countRollingMean,all,all,default,2024,2024-02-12,459.4300
infectious_disease,respiratory,COVID-19,Nation,England,COVID-19_cases_countRollingMean,all,all,default,2024,2024-02-11,494.0000
infectious_disease,respiratory,COVID-19,Nation,England,COVID-19_cases_countRollingMean,all,all,default,2024,2024-02-10,515.4300
infectious_disease,respiratory,COVID-19,Nation,England,COVID-19_cases_countRollingMean,all,all,default,2024,2024-02-09,533.1400
infectious_disease,respiratory,COVID-19,Nation,England,COVID-19_cases_countRollingMean,all,all,default,2024,2024-02-08,546.0000
infectious_disease,respiratory,COVID-19,Nation,England,COVID-19_cases_countRollingMean,all,all,default,2024,2024-02-07,568.8600
infectious_disease,respiratory,COVID-19,Nation,England,COVID-19_cases_countRollingMean,all,all,default,2024,2024-02-06,594.0000
infectious_disease,respiratory,COVID-19,Nation,England,COVID-19_cases_countRollingMean,all,all,default,2024,2024-02-05,617.2900
infectious_disease,respiratory,COVID-19,Nation,England,COVID-19_cases_countRollingMean,all,all,default,2024,2024-02-04,636.4300
infectious_disease,respiratory,COVID-19,Nation,England,COVID-19_cases_countRollingMean,all,all,default,2024,2024-02-03,649.4300
infectious_disease,respiratory,COVID-19,Nation,England,COVID-19_cases_countRollingMean,all,all,default,2024,2024-02-02,655.2900
infectious_disease,respiratory,COVID-19,Nation,England,COVID-19_cases_countRollingMean,all,all,default,2024,2024-02-01,677.5700
infectious_disease,respiratory,COVID-19,Nation,England,COVID-19_cases_countRollingMean,all,all,default,2024,2024-01-31,712.1400
infectious_disease,respiratory,COVID-19,Nation,England,COVID-19_cases_countRollingMean,all,all,default,2024,2024-01-30,737.0000
infectious_disease,respiratory,COVID-19,Nation,England,COVID-19_cases_countRollingMean,all,all,default,2024,2024-01-29,768.1400
infectious_disease,respiratory,COVID-19,Nation,England,COVID-19_cases_countRollingMean,all,all,default,2024,2024-01-28,805.7100
infectious_disease,respiratory,COVID-19,Nation,England,COVID-19_cases_countRollingMean,all,all,default,2024,2024-01-27,828.1400
infectious_disease,respiratory,COVID-19,Nation,England,COVID-19_cases_countRollingMean,all,all,default,2024,2024-01-26,851.0000
infectious_disease,respiratory,COVID-19,Nation,England,COVID-19_cases_countRollingMean,all,all,default,2024,2024-01-25,860.0000
infectious_disease,respiratory,COVID-19,Nation,England,COVID-19_cases_countRollingMean,all,all,default,2024,2024-01-24,853.0000
infectious_disease,respiratory,COVID-19,Nation,England,COVID-19_cases_countRollingMean,all,all,default,2024,2024-01-23,847.1400
infectious_disease,respiratory,COVID-19,Nation,England,COVID-19_cases_countRollingMean,all,all,default,2024,2024-01-22,826.2900
infectious_disease,respiratory,COVID-19,Nation,England,COVID-19_cases_countRollingMean,all,all,default,2024,2024-01-21,792.4300
infectious_disease,respiratory,COVID-19,Nation,England,COVID-19_cases_countRollingMean,all,all,default,2024,2024-01-20,783.8600
infectious_disease,respiratory,COVID-19,Nation,England,COVID-19_cases_countRollingMean,all,all,default,2024,2024-01-19,765.8600
infectious_disease,respiratory,COVID-19,Nation,England,COVID-19_cases_countRollingMean,all,all,default,2024,2024-01-18,768.1400
infectious_disease,respiratory,COVID-19,Nation,England,COVID-19_cases_countRollingMean,all,all,default,2024,2024-01-17,768.5700
infectious_disease,respiratory,COVID-19,Nation,England,COVID-19_cases_countRollingMean,all,all,default,2024,2024-01-16,772.2900
infectious_disease,respiratory,COVID-19,Nation,England,COVID-19_cases_countRollingMean,all,all,default,2024,2024-01-15,774.5700
infectious_disease,respiratory,COVID-19,Nation,England,COVID-19_cases_countRollingMean,all,all,default,2024,2024-01-14,794.2900
infectious_disease,respiratory,COVID-19,Nation,England,COVID-19_cases_countRollingMean,all,all,default,2024,2024-01-13,805.4300
infectious_disease,respiratory,COVID-19,Nation,England,COVID-19_cases_countRollingMean,all,all,default,2024,2024-01-12,838.8600
infectious_disease,respiratory,COVID-19,Nation,England,COVID-19_cases_countRollingMean,all,all,default,2024,2024-01-11,862.4300
infectious_disease,respiratory,COVID-19,Nation,England,COVID-19_cases_countRollingMean,all,all,default,2024,2024-01-10,900.2900
infectious_disease,respiratory,COVID-19,Nation,England,COVID-19_cases_countRollingMean,all,all,default,2024,2024-01-09,955.8600
infectious_disease,respiratory,COVID-19,Nation,England,COVID-19_cases_countRollingMean,all,all,default,2024,2024-01-08,1034.0000
infectious_disease,respiratory,COVID-19,Nation,England,COVID-19_cases_countRollingMean,all,all,default,2024,2024-01-07,1049.0000
infectious_disease,respiratory,COVID-19,Nation,England,COVID-19_cases_countRollingMean,all,all,default,2024,2024-01-06,1103.4300
infectious_disease,respiratory,COVID-19,Nation,England,COVID-19_cases_countRollingMean,all,all,default,2024,2024-01-05,1155.2900
infectious_disease,respiratory,COVID-19,Nation,England,COVID-19_cases_countRollingMean,all,all,default,2024,2024-01-04,1219.1400
infectious_disease,respiratory,COVID-19,Nation,England,COVID-19_cases_countRollingMean,all,all,default,2024,2024-01-03,1273.7100
infectious_disease,respiratory,COVID-19,Nation,England,COVID-19_cases_countRollingMean,all,all,default,2024,2024-01-02,1299.7100
infectious_disease,respiratory,COVID-19,Nation,England,COVID-19_cases_countRollingMean,all,all,default,2024,2024-01-01,1268.5700
infectious_disease,respiratory,COVID-19,Nation,England,COVID-19_cases_countRollingMean,all,all,default,2023,2023-12-31,1237.5700
infectious_disease,respiratory,COVID-19,Nation,England,COVID-19_cases_countRollingMean,all,all,default,2023,2023-12-30,1219.7100
infectious_disease,respiratory,COVID-19,Nation,England,COVID-19_cases_countRollingMean,all,all,default,2023,2023-12-29,1194.7100
infectious_disease,respiratory,COVID-19,Nation,England,COVID-19_cases_countRollingMean,all,all,default,2023,2023-12-28,1171.4300
infectious_disease,respiratory,COVID-19,Nation,England,COVID-19_cases_countRollingMean,all,all,default,2023,2023-12-27,1157.4300
infectious_disease,respiratory,COVID-19,Nation,England,COVID-19_cases_countRollingMean,all,all,default,2023,2023-12-26,1154.4300
infectious_disease,respiratory,COVID-19,Nation,England,COVID-19_cases_countRollingMean,all,all,default,2023,2023-12-25,1196.2900
infectious_disease,respiratory,COVID-19,Nation,England,COVID-19_cases_countRollingMean,all,all,default,2023,2023-12-24,1300.8600
infectious_disease,respiratory,COVID-19,Nation,England,COVID-19_cases_countRollingMean,all,all,default,2023,2023-12-23,1327.8600
infectious_disease,respiratory,COVID-19,Nation,England,COVID-19_cases_countRollingMean,all,all,default,2023,2023-12-22,1317.8600
infectious_disease,respiratory,COVID-19,Nation,England,COVID-19_cases_countRollingMean,all,all,default,2023,2023-12-21,1303.4300
infectious_disease,respiratory,COVID-19,Nation,England,COVID-19_cases_countRollingMean,all,all,default,2023,2023-12-20,1259.4300
infectious_disease,respiratory,COVID-19,Nation,England,COVID-19_cases_countRollingMean,all,all,default,2023,2023-12-19,1227.5700
infectious_disease,respiratory,COVID-19,Nation,England,COVID-19_cases_countRollingMean,all,all,default,2023,2023-12-18,1201.0000
infectious_disease,respiratory,COVID-19,Nation,England,COVID-19_cases_countRollingMean,all,all,default,2023,2023-12-17,1153.7100
infectious_disease,respiratory,COVID-19,Nation,England,COVID-19_cases_countRollingMean,all,all,default,2023,2023-12-16,1120.0000
infectious_disease,respiratory,COVID-19,Nation,England,COVID-19_cases_countRollingMean,all,all,default,2023,2023-12-15,1104.7100
infectious_disease,respiratory,COVID-19,Nation,England,COVID-19_cases_countRollingMean,all,all,default,2023,2023-12-14,1077.0000
infectious_disease,respiratory,COVID-19,Nation,England,COVID-19_cases_countRollingMean,all,all,default,2023,2023-12-13,1042.5700
infectious_disease,respiratory,COVID-19,Nation,England,COVID-19_cases_countRollingMean,all,all,default,2023,2023-12-12,1008.1400
infectious_disease,respiratory,COVID-19,Nation,England,COVID-19_cases_countRollingMean,all,all,default,2023,2023-12-11,962.7100
infectious_disease,respiratory,COVID-19,Nation,England,COVID-19_cases_countRollingMean,all,all,default,2023,2023-12-10,920.7100
infectious_disease,respiratory,COVID-19,Nation,England,COVID-19_cases_countRollingMean,all,all,default,2023,2023-12-09,879.4300
infectious_disease,respiratory,COVID-19,Nation,England,COVID-19_cases_countRollingMean,all,all,default,2023,2023-12-08,839.8600
infectious_disease,respiratory,COVID-19,Nation,England,COVID-19_cases_countRollingMean,all,all,default,2023,2023-12-07,787.4300
infectious_disease,respiratory,COVID-19,Nation,England,COVID-19_cases_countRollingMean,all,all,default,2023,2023-12-06,763.1400
infectious_disease,respiratory,COVID-19,Nation,England,COVID-19_cases_countRollingMean,all,all,default,2023,2023-12-05,730.8600
infectious_disease,respiratory,COVID-19,Nation,England,COVID-19_cases_countRollingMean,all,all,default,2023,2023-12-04,692.0000
infectious_disease,respiratory,COVID-19,Nation,England,COVID-19_cases_countRollingMean,all,all,default,2023,2023-12-03,653.2900
infectious_disease,respiratory,COVID-19,Nation,England,COVID-19_cases_countRollingMean,all,all,default,2023,2023-12-02,625.2900
infectious_disease,respiratory,COVID-19,Nation,England,COVID-19_cases_countRollingMean,all,all,default,2023,2023-12-01,611.8600
infectious_disease,respiratory,COVID-19,Nation,England,COVID-19_cases_countRollingMean,all,all,default,2023,2023-11-30,610.2900
infectious_disease,respiratory,COVID-19,Nation,England,COVID-19_cases_countRollingMean,all,all,default,2023,2023-11-29,596.1400
infectious_disease,respiratory,COVID-19,Nation,England,COVID-19_cases_countRollingMean,all,all,default,2023,2023-11-28,578.5700
infectious_disease,respiratory,COVID-19,Nation,England,COVID-19_cases_countRollingMean,all,all,default,2023,2023-11-27,564.4300
infectious_disease,respiratory,COVID-19,Nation,England,COVID-19_cases_countRollingMean,all,all,default,2023,2023-11-26,565.4300
infectious_disease,respiratory,COVID-19,Nation,England,COVID-19_cases_countRollingMean,all,all,default,2023,2023-11-25,572.5700
infectious_disease,respiratory,COVID-19,Nation,England,COVID-19_cases_countRollingMean,all,all,default,2023,2023-11-24,575.8600
infectious_disease,respiratory,COVID-19,Nation,England,COVID-19_cases_countRollingMean,all,all,default,2023,2023-11-23,571.2900
infectious_disease,respiratory,COVID-19,Nation,England,COVID-19_cases_countRollingMean,all,all,default,2023,2023-11-22,586.0000
infectious_disease,respiratory,COVID-19,Nation,England,COVID-19_cases_countRollingMean,all,all,default,2023,2023-11-21,588.5700
infectious_disease,respiratory,COVID-19,Nation,England,COVID-19_cases_countRollingMean,all,all,default,2023,2023-11-20,613.2900
infectious_disease,respiratory,COVID-19,Nation,England,COVID-19_cases_countRollingMean,all,all,default,2023,2023-11-19,619.4300
infectious_disease,respiratory,COVID-19,Nation,England,COVID-19_cases_countRollingMean,all,all,default,2023,2023-11-18,625.8600
infectious_disease,respiratory,COVID-19,Nation,England,COVID-19_cases_countRollingMean,all,all,default,2023,2023-11-17,603.7100
infectious_disease,respiratory,COVID-19,Nation,England,COVID-19_cases_countRollingMean,all,all,default,2023,2023-11-16,570.4300
infectious_disease,respiratory,COVID-19,Nation,England,COVID-19_cases_countRollingMean,all,all,default,2023,2023-11-15,546.0000
infectious_disease,respiratory,COVID-19,Nation,England,COVID-19_cases_countRollingMean,all,all,default,2023,2023-11-14,555.5700
infectious_disease,respiratory,COVID-19,Nation,England,COVID-19_cases_countRollingMean,all,all,default,2023,2023-11-13,563.0000
infectious_disease,respiratory,COVID-19,Nation,England,COVID-19_cases_countRollingMean,all,all,default,2023,2023-11-12,568.5700
infectious_disease,respiratory,COVID-19,Nation,England,COVID-19_cases_countRollingMean,all,all,default,2023,2023-11-11,580.4300
infectious_disease,respiratory,COVID-19,Nation,England,COVID-19_cases_countRollingMean,all,all,default,2023,2023-11-10,622.8600
infectious_disease,respiratory,COVID-19,Nation,England,COVID-19_cases_countRollingMean,all,all,default,2023,2023-11-09,688.0000
infectious_disease,respiratory,COVID-19,Nation,England,COVID-19_cases_countRollingMean,all,all,default,2023,2023-11-08,733.0000
infectious_disease,respiratory,COVID-19,Nation,England,COVID-19_cases_countRollingMean,all,all,default,2023,2023-11-07,758.8600
infectious_disease,respiratory,COVID-19,Nation,England,COVID-19_cases_countRollingMean,all,all,default,2023,2023-11-06,779.0000
infectious_disease,respiratory,COVID-19,Nation,England,COVID-19_cases_countRollingMean,all,all,default,2023,2023-11-05,811.7100
infectious_disease,respiratory,COVID-19,Nation,England,COVID-19_cases_countRollingMean,all,all,default,2023,2023-11-04,835.0000
infectious_disease,respiratory,COVID-19,Nation,England,COVID-19_cases_countRollingMean,all,all,default,2023,2023-11-03,855.5700
infectious_disease,respiratory,COVID-19,Nation,England,COVID-19_cases_countRollingMean,all,all,default,2023,2023-11-02,883.7100
infectious_disease,respiratory,COVID-19,Nation,England,COVID-19_cases_countRollingMean,all,all,default,2023,2023-11-01,912.5700
infectious_disease,respiratory,COVID-19,Nation,England,COVID-19_cases_countRollingMean,all,all,default,2023,2023-10-31,932.7100
infectious_disease,respiratory,COVID-19,Nation,England,COVID-19_cases_countRollingMean,all,all,default,2023,2023-10-30,960.5700
infectious_disease,respiratory,COVID-19,Nation,England,COVID-19_cases_countRollingMean,all,all,default,2023,2023-10-29,984.2900
infectious_disease,respiratory,COVID-19,Nation,England,COVID-19_cases_countRollingMean,all,all,default,2023,2023-10-28,1004.7100
infectious_disease,respiratory,COVID-19,Nation,England,COVID-19_cases_countRollingMean,all,all,default,2023,2023-10-27,1023.7100
infectious_disease,respiratory,COVID-19,Nation,England,COVID-19_cases_countRollingMean,all,all,default,2023,2023-10-26,1054.4300
infectious_disease,respiratory,COVID-19,Nation,England,COVID-19_cases_countRollingMean,all,all,default,2023,2023-10-25,1098.2900
infectious_disease,respiratory,COVID-19,Nation,England,COVID-19_cases_countRollingMean,all,all,default,2023,2023-10-24,1152.0000
infectious_disease,respiratory,COVID-19,Nation,England,COVID-19_cases_countRollingMean,all,all,default,2023,2023-10-23,1188.8600
infectious_disease,respiratory,COVID-19,Nation,England,COVID-19_cases_countRollingMean,all,all,default,2023,2023-10-22,1227.1400
infectious_disease,respiratory,COVID-19,Nation,England,COVID-19_cases_countRollingMean,all,all,default,2023,2023-10-21,1259.7100
infectious_disease,respiratory,COVID-19,Nation,England,COVID-19_cases_countRollingMean,all,all,default,2023,2023-10-20,1295.2900
infectious_disease,respiratory,COVID-19,Nation,England,COVID-19_cases_countRollingMean,all,all,default,2023,2023-10-19,1340.7100
infectious_disease,respiratory,COVID-19,Nation,England,COVID-19_cases_countRollingMean,all,all,default,2023,2023-10-18,1372.0000
infectious_disease,respiratory,COVID-19,Nation,England,COVID-19_cases_countRollingMean,all,all,default,2023,2023-10-17,1443.0000
infectious_disease,respiratory,COVID-19,Nation,England,COVID-19_cases_countRollingMean,all,all,default,2023,2023-10-16,1530.8600
infectious_disease,respiratory,COVID-19,Nation,England,COVID-19_cases_countRollingMean,all,all,default,2023,2023-10-15,1643.2900
infectious_disease,respiratory,COVID-19,Nation,England,COVID-19_cases_countRollingMean,all,all,default,2023,2023-10-14,1764.5700
infectious_disease,respiratory,COVID-19,Nation,England,COVID-19_cases_countRollingMean,all,all,default,2023,2023-10-13,1843.0000
infectious_disease,respiratory,COVID-19,Nation,England,COVID-19_cases_countRollingMean,all,all,default,2023,2023-10-12,1935.7100
infectious_disease,respiratory,COVID-19,Nation,England,COVID-19_cases_countRollingMean,all,all,default,2023,2023-10-11,2037.4300
infectious_disease,respiratory,COVID-19,Nation,England,COVID-19_cases_countRollingMean,all,all,default,2023,2023-10-10,2116.5700
infectious_disease,respiratory,COVID-19,Nation,England,COVID-19_cases_countRollingMean,all,all,default,2023,2023-10-09,2206.7100
infectious_disease,respiratory,COVID-19,Nation,England,COVID-19_cases_countRollingMean,all,all,default,2023,2023-10-08,2265.2900
infectious_disease,respiratory,COVID-19,Nation,England,COVID-19_cases_countRollingMean,all,all,default,2023,2023-10-07,2307.0000
infectious_disease,respiratory,COVID-19,Nation,England,COVID-19_cases_countRollingMean,all,all,default,2023,2023-10-06,2344.1400
infectious_disease,respiratory,COVID-19,Nation,England,COVID-19_cases_countRollingMean,all,all,default,2023,2023-10-05,2345.4300
infectious_disease,respiratory,COVID-19,Nation,England,COVID-19_cases_countRollingMean,all,all,default,2023,2023-10-04,2354.7100
infectious_disease,respiratory,COVID-19,Nation,England,COVID-19_cases_countRollingMean,all,all,default,2023,2023-10-03,2386.2900
infectious_disease,respiratory,COVID-19,Nation,England,COVID-19_cases_countRollingMean,all,all,default,2023,2023-10-02,2392.0000
infectious_disease,respiratory,COVID-19,Nation,England,COVID-19_cases_countRollingMean,all,all,default,2023,2023-10-01,2380.1400
infectious_disease,respiratory,COVID-19,Nation,England,COVID-19_cases_countRollingMean,all,all,default,2023,2023-09-30,2330.0000
infectious_disease,respiratory,COVID-19,Nation,England,COVID-19_cases_countRollingMean,all,all,default,2023,2023-09-29,2276.7100
infectious_disease,respiratory,COVID-19,Nation,England,COVID-19_cases_countRollingMean,all,all,default,2023,2023-09-28,2213.2900
infectious_disease,respiratory,COVID-19,Nation,England,COVID-19_cases_countRollingMean,all,all,default,2023,2023-09-27,2142.7100
infectious_disease,respiratory,COVID-19,Nation,England,COVID-19_cases_countRollingMean,all,all,default,2023,2023-09-26,2031.8600
infectious_disease,respiratory,COVID-19,Nation,England,COVID-19_cases_countRollingMean,all,all,default,2023,2023-09-25,1925.1400
infectious_disease,respiratory,COVID-19,Nation,England,COVID-19_cases_countRollingMean,all,all,default,2023,2023-09-24,1834.7100
infectious_disease,respiratory,COVID-19,Nation,England,COVID-19_cases_countRollingMean,all,all,default,2023,2023-09-23,1777.0000
infectious_disease,respiratory,COVID-19,Nation,England,COVID-19_cases_countRollingMean,all,all,default,2023,2023-09-22,1743.1400
infectious_disease,respiratory,COVID-19,Nation,England,COVID-19_cases_countRollingMean,all,all,default,2023,2023-09-21,1694.7100
infectious_disease,respiratory,COVID-19,Nation,England,COVID-19_cases_countRollingMean,all,all,default,2023,2023-09-20,1652.8600
infectious_disease,respiratory,COVID-19,Nation,England,COVID-19_cases_countRollingMean,all,all,default,2023,2023-09-19,1599.8600
infectious_disease,respiratory,COVID-19,Nation,England,COVID-19_cases_countRollingMean,all,all,default,2023,2023-09-18,1560.4300
infectious_disease,respiratory,COVID-19,Nation,England,COVID-19_cases_countRollingMean,all,all,default,2023,2023-09-17,1545.4300
infectious_disease,respiratory,COVID-19,Nation,England,COVID-19_cases_countRollingMean,all,all,default,2023,2023-09-16,1541.8600
infectious_disease,respiratory,COVID-19,Nation,England,COVID-19_cases_countRollingMean,all,all,default,2023,2023-09-15,1544.1400
infectious_disease,respiratory,COVID-19,Nation,England,COVID-19_cases_countRollingMean,all,all,default,2023,2023-09-14,1573.7100
infectious_disease,respiratory,COVID-19,Nation,England,COVID-19_cases_countRollingMean,all,all,default,2023,2023-09-13,1599.1400
infectious_disease,respiratory,COVID-19,Nation,England,COVID-19_cases_countRollingMean,all,all,default,2023,2023-09-12,1647.4300
infectious_disease,respiratory,COVID-19,Nation,England,COVID-19_cases_countRollingMean,all,all,default,2023,2023-09-11,1678.2900
infectious_disease,respiratory,COVID-19,Nation,England,COVID-19_cases_countRollingMean,all,all,default,2023,2023-09-10,1699.0000
infectious_disease,respiratory,COVID-19,Nation,England,COVID-19_cases_countRollingMean,all,all,default,2023,2023-09-09,1707.1400
infectious_disease,respiratory,COVID-19,Nation,England,COVID-19_cases_countRollingMean,all,all,default,2023,2023-09-08,1706.1400
infectious_disease,respiratory,COVID-19,Nation,England,COVID-19_cases_countRollingMean,all,all,default,2023,2023-09-07,1701.0000
infectious_disease,respiratory,COVID-19,Nation,England,COVID-19_cases_countRollingMean,all,all,default,2023,2023-09-06,1663.2900
infectious_disease,respiratory,COVID-19,Nation,England,COVID-19_cases_countRollingMean,all,all,default,2023,2023-09-05,1610.1400
infectious_disease,respiratory,COVID-19,Nation,England,COVID-19_cases_countRollingMean,all,all,default,2023,2023-09-04,1535.4300
infectious_disease,respiratory,COVID-19,Nation,England,COVID-19_cases_countRollingMean,all,all,default,2023,2023-09-03,1409.7100
infectious_disease,respiratory,COVID-19,Nation,England,COVID-19_cases_countRollingMean,all,all,default,2023,2023-09-02,1304.5700
infectious_disease,respiratory,COVID-19,Nation,England,COVID-19_cases_countRollingMean,all,all,default,2023,2023-09-01,1237.2900
infectious_disease,respiratory,COVID-19,Nation,England,COVID-19_cases_countRollingMean,all,all,default,2023,2023-08-31,1161.5700
infectious_disease,respiratory,COVID-19,Nation,England,COVID-19_cases_countRollingMean,all,all,default,2023,2023-08-30,1111.8600
infectious_disease,respiratory,COVID-19,Nation,England,COVID-19_cases_countRollingMean,all,all,default,2023,2023-08-29,1055.8600
infectious_disease,respiratory,COVID-19,Nation,England,COVID-19_cases_countRollingMean,all,all,default,2023,2023-08-28,1028.5700
infectious_disease,respiratory,COVID-19,Nation,England,COVID-19_cases_countRollingMean,all,all,default,2023,2023-08-27,1041.7100
infectious_disease,respiratory,COVID-19,Nation,England,COVID-19_cases_countRollingMean,all,all,default,2023,2023-08-26,1050.5700
infectious_disease,respiratory,COVID-19,Nation,England,COVID-19_cases_countRollingMean,all,all,default,2023,2023-08-25,1049.5700
infectious_disease,respiratory,COVID-19,Nation,England,COVID-19_cases_countRollingMean,all,all,default,2023,2023-08-24,1050.7100
infectious_disease,respiratory,COVID-19,Nation,England,COVID-19_cases_countRollingMean,all,all,default,2023,2023-08-23,1043.4300
infectious_disease,respiratory,COVID-19,Nation,England,COVID-19_cases_countRollingMean,all,all,default,2023,2023-08-22,1039.7100
infectious_disease,respiratory,COVID-19,Nation,England,COVID-19_cases_countRollingMean,all,all,default,2023,2023-08-21,1027.5700
infectious_disease,respiratory,COVID-19,Nation,England,COVID-19_cases_countRollingMean,all,all,default,2023,2023-08-20,1015.7100
infectious_disease,respiratory,COVID-19,Nation,England,COVID-19_cases_countRollingMean,all,all,default,2023,2023-08-19,1017.5700
infectious_disease,respiratory,COVID-19,Nation,England,COVID-19_cases_countRollingMean,all,all,default,2023,2023-08-18,1018.1400
infectious_disease,respiratory,COVID-19,Nation,England,COVID-19_cases_countRollingMean,all,all,default,2023,2023-08-17,1007.8600
infectious_disease,respiratory,COVID-19,Nation,England,COVID-19_cases_countRollingMean,all,all,default,2023,2023-08-16,999.7100
infectious_disease,respiratory,COVID-19,Nation,England,COVID-19_cases_countRollingMean,all,all,default,2023,2023-08-15,994.5700
infectious_disease,respiratory,COVID-19,Nation,England,COVID-19_cases_countRollingMean,all,all,default,2023,2023-08-14,994.1400
infectious_disease,respiratory,COVID-19,Nation,England,COVID-19_cases_countRollingMean,all,all,default,2023,2023-08-13,983.2900
infectious_disease,respiratory,COVID-19,Nation,England,COVID-19_cases_countRollingMean,all,all,default,2023,2023-08-12,962.0000
infectious_disease,respiratory,COVID-19,Nation,England,COVID-19_cases_countRollingMean,all,all,default,2023,2023-08-11,937.2900
infectious_disease,respiratory,COVID-19,Nation,England,COVID-19_cases_countRollingMean,all,all,default,2023,2023-08-10,916.1400
infectious_disease,respiratory,COVID-19,Nation,England,COVID-19_cases_countRollingMean,all,all,default,2023,2023-08-09,890.0000
infectious_disease,respiratory,COVID-19,Nation,England,COVID-19_cases_countRollingMean,all,all,default,2023,2023-08-08,860.0000
infectious_disease,respiratory,COVID-19,Nation,England,COVID-19_cases_countRollingMean,all,all,default,2023,2023-08-07,825.2900
infectious_disease,respiratory,COVID-19,Nation,England,COVID-19_cases_countRollingMean,all,all,default,2023,2023-08-06,800.4300
infectious_disease,respiratory,COVID-19,Nation,England,COVID-19_cases_countRollingMean,all,all,default,2023,2023-08-05,789.7100
infectious_disease,respiratory,COVID-19,Nation,England,COVID-19_cases_countRollingMean,all,all,default,2023,2023-08-04,782.2900
infectious_disease,respiratory,COVID-19,Nation,England,COVID-19_cases_countRollingMean,all,all,default,2023,2023-08-03,761.4300
infectious_disease,respiratory,COVID-19,Nation,England,COVID-19_cases_countRollingMean,all,all,default,2023,2023-08-02,736.0000
infectious_disease,respiratory,COVID-19,Nation,England,COVID-19_cases_countRollingMean,all,all,default,2023,2023-08-01,707.0000
infectious_disease,respiratory,COVID-19,Nation,England,COVID-19_cases_countRollingMean,all,all,default,2023,2023-07-31,678.7100
infectious_disease,respiratory,COVID-19,Nation,England,COVID-19_cases_countRollingMean,all,all,default,2023,2023-07-30,647.7100
infectious_disease,respiratory,COVID-19,Nation,England,COVID-19_cases_countRollingMean,all,all,default,2023,2023-07-29,611.0000
infectious_disease,respiratory,COVID-19,Nation,England,COVID-19_cases_countRollingMean,all,all,default,2023,2023-07-28,580.0000
infectious_disease,respiratory,COVID-19,Nation,England,COVID-19_cases_countRollingMean,all,all,default,2023,2023-07-27,554.2900
infectious_disease,respiratory,COVID-19,Nation,England,COVID-19_cases_countRollingMean,all,all,default,2023,2023-07-26,535.4300
infectious_disease,respiratory,COVID-19,Nation,England,COVID-19_cases_countRollingMean,all,all,default,2023,2023-07-25,513.5700
infectious_disease,respiratory,COVID-19,Nation,England,COVID-19_cases_countRollingMean,all,all,default,2023,2023-07-24,494.8600
infectious_disease,respiratory,COVID-19,Nation,England,COVID-19_cases_countRollingMean,all,all,default,2023,2023-07-23,475.0000
infectious_disease,respiratory,COVID-19,Nation,England,COVID-19_cases_countRollingMean,all,all,default,2023,2023-07-22,459.1400
infectious_disease,respiratory,COVID-19,Nation,England,COVID-19_cases_countRollingMean,all,all,default,2023,2023-07-21,448.5700
infectious_disease,respiratory,COVID-19,Nation,England,COVID-19_cases_countRollingMean,all,all,default,2023,2023-07-20,433.5700
infectious_disease,respiratory,COVID-19,Nation,England,COVID-19_cases_countRollingMean,all,all,default,2023,2023-07-19,422.1400
infectious_disease,respiratory,COVID-19,Nation,England,COVID-19_cases_countRollingMean,all,all,default,2023,2023-07-18,415.0000
infectious_disease,respiratory,COVID-19,Nation,England,COVID-19_cases_countRollingMean,all,all,default,2023,2023-07-17,405.4300
infectious_disease,respiratory,COVID-19,Nation,England,COVID-19_cases_countRollingMean,all,all,default,2023,2023-07-16,400.5700
infectious_disease,respiratory,COVID-19,Nation,England,COVID-19_cases_countRollingMean,all,all,default,2023,2023-07-15,401.5700
infectious_disease,respiratory,COVID-19,Nation,England,COVID-19_cases_countRollingMean,all,all,default,2023,2023-07-14,397.2900
infectious_disease,respiratory,COVID-19,Nation,England,COVID-19_cases_countRollingMean,all,all,default,2023,2023-07-13,398.7100
infectious_disease,respiratory,COVID-19,Nation,England,COVID-19_cases_countRollingMean,all,all,default,2023,2023-07-12,384.2900
infectious_disease,respiratory,COVID-19,Nation,England,COVID-19_cases_countRollingMean,all,all,default,2023,2023-07-11,373.7100
infectious_disease,respiratory,COVID-19,Nation,England,COVID-19_cases_countRollingMean,all,all,default,2023,2023-07-10,353.5700
infectious_disease,respiratory,COVID-19,Nation,England,COVID-19_cases_countRollingMean,all,all,default,2023,2023-07-09,337.7100
infectious_disease,respiratory,COVID-19,Nation,England,COVID-19_cases_countRollingMean,all,all,default,2023,2023-07-08,319.5700
infectious_disease,respiratory,COVID-19,Nation,England,COVID-19_cases_countRollingMean,all,all,default,2023,2023-07-07,305.4300
infectious_disease,respiratory,COVID-19,Nation,England,COVID-19_cases_countRollingMean,all,all,default,2023,2023-07-06,289.1400
infectious_disease,respiratory,COVID-19,Nation,England,COVID-19_cases_countRollingMean,all,all,default,2023,2023-07-05,280.1400
infectious_disease,respiratory,COVID-19,Nation,England,COVID-19_cases_countRollingMean,all,all,default,2023,2023-07-04,273.5700
infectious_disease,respiratory,COVID-19,Nation,England,COVID-19_cases_countRollingMean,all,all,default,2023,2023-07-03,271.5700
infectious_disease,respiratory,COVID-19,Nation,England,COVID-19_cases_countRollingMean,all,all,default,2023,2023-07-02,265.8600
infectious_disease,respiratory,COVID-19,Nation,England,COVID-19_cases_countRollingMean,all,all,default,2023,2023-07-01,271.4300
infectious_disease,respiratory,COVID-19,Nation,England,COVID-19_cases_countRollingMean,all,all,default,2023,2023-06-30,278.5700
infectious_disease,respiratory,COVID-19,Nation,England,COVID-19_cases_countRollingMean,all,all,default,2023,2023-06-29,286.1400
infectious_disease,respiratory,COVID-19,Nation,England,COVID-19_cases_countRollingMean,all,all,default,2023,2023-06-28,299.5700
infectious_disease,respiratory,COVID-19,Nation,England,COVID-19_cases_countRollingMean,all,all,default,2023,2023-06-27,310.0000
infectious_disease,respiratory,COVID-19,Nation,England,COVID-19_cases_countRollingMean,all,all,default,2023,2023-06-26,324.4300
infectious_disease,respiratory,COVID-19,Nation,England,COVID-19_cases_countRollingMean,all,all,default,2023,2023-06-25,340.8600
infectious_disease,respiratory,COVID-19,Nation,England,COVID-19_cases_countRollingMean,all,all,default,2023,2023-06-24,347.5700
infectious_disease,respiratory,COVID-19,Nation,England,COVID-19_cases_countRollingMean,all,all,default,2023,2023-06-23,358.1400
infectious_disease,respiratory,COVID-19,Nation,England,COVID-19_cases_countRollingMean,all,all,default,2023,2023-06-22,365.5700
infectious_disease,respiratory,COVID-19,Nation,England,COVID-19_cases_countRollingMean,all,all,default,2023,2023-06-21,371.0000
infectious_disease,respiratory,COVID-19,Nation,England,COVID-19_cases_countRollingMean,all,all,default,2023,2023-06-20,384.2900
infectious_disease,respiratory,COVID-19,Nation,England,COVID-19_cases_countRollingMean,all,all,default,2023,2023-06-19,400.4300
infectious_disease,respiratory,COVID-19,Nation,England,COVID-19_cases_countRollingMean,all,all,default,2023,2023-06-18,423.8600
infectious_disease,respiratory,COVID-19,Nation,England,COVID-19_cases_countRollingMean,all,all,default,2023,2023-06-17,447.7100
infectious_disease,respiratory,COVID-19,Nation,England,COVID-19_cases_countRollingMean,all,all,default,2023,2023-06-16,454.7100
infectious_disease,respiratory,COVID-19,Nation,England,COVID-19_cases_countRollingMean,all,all,default,2023,2023-06-15,473.0000
infectious_disease,respiratory,COVID-19,Nation,England,COVID-19_cases_countRollingMean,all,all,default,2023,2023-06-14,500.5700
infectious_disease,respiratory,COVID-19,Nation,England,COVID-19_cases_countRollingMean,all,all,default,2023,2023-06-13,531.7100
infectious_disease,respiratory,COVID-19,Nation,England,COVID-19_cases_countRollingMean,all,all,default,2023,2023-06-12,567.1400
infectious_disease,respiratory,COVID-19,Nation,England,COVID-19_cases_countRollingMean,all,all,default,2023,2023-06-11,598.7100
infectious_disease,respiratory,COVID-19,Nation,England,COVID-19_cases_countRollingMean,all,all,default,2023,2023-06-10,612.7100
infectious_disease,respiratory,COVID-19,Nation,England,COVID-19_cases_countRollingMean,all,all,default,2023,2023-06-09,625.5700
infectious_disease,respiratory,COVID-19,Nation,England,COVID-19_cases_countRollingMean,all,all,default,2023,2023-06-08,641.1400
infectious_disease,respiratory,COVID-19,Nation,England,COVID-19_cases_countRollingMean,all,all,default,2023,2023-06-07,655.0000
infectious_disease,respiratory,COVID-19,Nation,England,COVID-19_cases_countRollingMean,all,all,default,2023,2023-06-06,673.7100
infectious_disease,respiratory,COVID-19,Nation,England,COVID-19_cases_countRollingMean,all,all,default,2023,2023-06-05,677.0000
infectious_disease,respiratory,COVID-19,Nation,England,COVID-19_cases_countRollingMean,all,all,default,2023,2023-06-04,668.4300
infectious_disease,respiratory,COVID-19,Nation,England,COVID-19_cases_countRollingMean,all,all,default,2023,2023-06-03,665.7100
infectious_disease,respiratory,COVID-19,Nation,England,COVID-19_cases_countRollingMean,all,all,default,2023,2023-06-02,679.2900
infectious_disease,respiratory,COVID-19,Nation,England,COVID-19_cases_countRollingMean,all,all,default,2023,2023-06-01,697.8600
